{"cameraMode":{"drawMode":0,"name":"Shaded","section":"Shading Mode"},"sceneLighting":true,"audioPlay":false,"sceneViewState":{"m_AlwaysRefresh":false,"showFog":true,"showSkybox":true,"showFlares":true,"showImageEffects":true,"showParticleSystems":true,"showVisualEffectGraphs":true,"m_FxEnabled":false},"in2DMode":false,"pivot":{"x":23.780134201049806,"y":-2.074000120162964,"z":2.930000066757202},"rotation":{"x":0.19530123472213746,"y":0.2792026102542877,"z":-0.05811026319861412,"w":0.9383640289306641},"size":31.051000595092775,"orthographic":true}